command,ratio,throughput
bsc e run.dat run.dat.bsc -b1 -m3 -cf -e0 -H10 -M4,0.7512101796447701,90048072.61792627
bsc e run.dat run.dat.bsc -b1 -m3 -cf -e0 -H10 -M128,0.7476047394458675,72652169.40402536
bsc e run.dat run.dat.bsc -b1 -m3 -cf -e0 -H10 -M255,0.7477247013433356,66396129.55069997
bsc e run.dat run.dat.bsc -b1 -m3 -cf -e0 -H15 -M4,0.7508996685138238,68318250.28375009
bsc e run.dat run.dat.bsc -b1 -m3 -cf -e0 -H15 -M128,0.7475067217979362,63905358.968069814
bsc e run.dat run.dat.bsc -b1 -m3 -cf -e0 -H15 -M255,0.7476636231821246,65861336.50494905
bsc e run.dat run.dat.bsc -b1 -m3 -cf -e0 -H28 -M4,0.7505467318337731,1135643.9622411656
bsc e run.dat run.dat.bsc -b1 -m3 -cf -e0 -H28 -M128,0.7473483574637787,1044622.8009766086
bsc e run.dat run.dat.bsc -b1 -m3 -cf -e0 -H28 -M255,0.7475966932210373,1117869.6634628193
bsc e run.dat run.dat.bsc -b1 -m3 -cf -e1 -H10 -M4,0.7414888770999504,54117399.70202585
bsc e run.dat run.dat.bsc -b1 -m3 -cf -e1 -H10 -M128,0.7378410113519431,59722855.45241548
bsc e run.dat run.dat.bsc -b1 -m3 -cf -e1 -H10 -M255,0.7379302513000596,52407984.02478716
bsc e run.dat run.dat.bsc -b1 -m3 -cf -e1 -H15 -M4,0.7412182313556627,36429997.97729016
bsc e run.dat run.dat.bsc -b1 -m3 -cf -e1 -H15 -M128,0.7377689610659639,34560186.98864777
bsc e run.dat run.dat.bsc -b1 -m3 -cf -e1 -H15 -M255,0.7378841683760323,25631043.781820133
bsc e run.dat run.dat.bsc -b1 -m3 -cf -e1 -H28 -M4,0.740926738574315,1122588.0648786814
bsc e run.dat run.dat.bsc -b1 -m3 -cf -e1 -H28 -M128,0.7376409529436656,973053.1222951555
bsc e run.dat run.dat.bsc -b1 -m3 -cf -e1 -H28 -M255,0.7378391826644818,1002455.4486410905
bsc e run.dat run.dat.bsc -b1 -m3 -cf -e2 -H10 -M4,0.7348986532265454,28818487.863809127
bsc e run.dat run.dat.bsc -b1 -m3 -cf -e2 -H10 -M128,0.730996599921403,19973582.870785598
bsc e run.dat run.dat.bsc -b1 -m3 -cf -e2 -H10 -M255,0.7310547521826757,19102692.630244963
bsc e run.dat run.dat.bsc -b1 -m3 -cf -e2 -H15 -M4,0.7347102984180207,20320202.931874238
bsc e run.dat run.dat.bsc -b1 -m3 -cf -e2 -H15 -M128,0.7309417392975609,21627629.723010425
bsc e run.dat run.dat.bsc -b1 -m3 -cf -e2 -H15 -M255,0.7310159840084939,25840253.1018721
bsc e run.dat run.dat.bsc -b1 -m3 -cf -e2 -H28 -M4,0.7344191713741653,1075807.2831408796
bsc e run.dat run.dat.bsc -b1 -m3 -cf -e2 -H28 -M128,0.7308488419745216,974769.2736825558
bsc e run.dat run.dat.bsc -b1 -m3 -cf -e2 -H28 -M255,0.7309816046842195,1070989.9243023715
bsc e run.dat run.dat.bsc -b1 -m3 -cp -e0 -H10 -M4,0.7465865262673581,36073953.93351148
bsc e run.dat run.dat.bsc -b1 -m3 -cp -e0 -H10 -M128,0.7427279957237972,36213669.05265285
bsc e run.dat run.dat.bsc -b1 -m3 -cp -e0 -H10 -M255,0.742873559245725,37686545.37771256
bsc e run.dat run.dat.bsc -b1 -m3 -cp -e0 -H15 -M4,0.7460887575403642,40925610.59982335
bsc e run.dat run.dat.bsc -b1 -m3 -cp -e0 -H15 -M128,0.7426219318510359,44073897.826126724
bsc e run.dat run.dat.bsc -b1 -m3 -cp -e0 -H15 -M255,0.7428285735341744,42930196.89913264
bsc e run.dat run.dat.bsc -b1 -m3 -cp -e0 -H28 -M4,0.7452069644464755,1027423.9096517706
bsc e run.dat run.dat.bsc -b1 -m3 -cp -e0 -H28 -M128,0.7421025846119973,1112830.0783086643
bsc e run.dat run.dat.bsc -b1 -m3 -cp -e0 -H28 -M255,0.7423728646187927,1054987.887747899
bsc e run.dat run.dat.bsc -b1 -m3 -cp -e1 -H10 -M4,0.7376018190319916,58989410.40927117
bsc e run.dat run.dat.bsc -b1 -m3 -cp -e1 -H10 -M128,0.7334839806064037,48955297.99986339
bsc e run.dat run.dat.bsc -b1 -m3 -cp -e1 -H10 -M255,0.7335984564414876,50818110.9866929
bsc e run.dat run.dat.bsc -b1 -m3 -cp -e1 -H15 -M4,0.7370985642426134,50758281.312129594
bsc e run.dat run.dat.bsc -b1 -m3 -cp -e1 -H15 -M128,0.7334144904828704,50267916.87636046
bsc e run.dat run.dat.bsc -b1 -m3 -cp -e1 -H15 -M255,0.7335819982543349,46578607.151875034
bsc e run.dat run.dat.bsc -b1 -m3 -cp -e1 -H28 -M4,0.7363400246836234,1101737.2511805797
bsc e run.dat run.dat.bsc -b1 -m3 -cp -e1 -H28 -M128,0.7330077903914544,1094206.114792833
bsc e run.dat run.dat.bsc -b1 -m3 -cp -e1 -H28 -M255,0.7332261356743459,1025447.0107313587
bsc e run.dat run.dat.bsc -b1 -m3 -cp -e2 -H10 -M4,0.7307793518509883,17099885.317953274
bsc e run.dat run.dat.bsc -b1 -m3 -cp -e2 -H10 -M128,0.7262292117095247,14909468.30848676
bsc e run.dat run.dat.bsc -b1 -m3 -cp -e2 -H10 -M255,0.7262924842956893,19353730.37638279
bsc e run.dat run.dat.bsc -b1 -m3 -cp -e2 -H15 -M4,0.7302731711616719,20315757.258091573
bsc e run.dat run.dat.bsc -b1 -m3 -cp -e2 -H15 -M128,0.7261783741980977,16141370.217833934
bsc e run.dat run.dat.bsc -b1 -m3 -cp -e2 -H15 -M255,0.7262851695458437,20820510.085222308
bsc e run.dat run.dat.bsc -b1 -m3 -cp -e2 -H28 -M4,0.7296181353129972,1049855.5851869863
bsc e run.dat run.dat.bsc -b1 -m3 -cp -e2 -H28 -M128,0.7259033396039026,1096551.8202813764
bsc e run.dat run.dat.bsc -b1 -m3 -cp -e2 -H28 -M255,0.7260456114883999,1073607.5897489283
bsc e run.dat run.dat.bsc -b1 -m3 -ca -e0 -H10 -M4,0.7461981130505561,30845439.683951892
bsc e run.dat run.dat.bsc -b1 -m3 -ca -e0 -H10 -M128,0.7424964838911836,33759561.16455033
bsc e run.dat run.dat.bsc -b1 -m3 -ca -e0 -H10 -M255,0.742593404326638,29709685.47842318
bsc e run.dat run.dat.bsc -b1 -m3 -ca -e0 -H15 -M4,0.7456370717373976,32492841.69828711
bsc e run.dat run.dat.bsc -b1 -m3 -ca -e0 -H15 -M128,0.7423673785564086,36855632.398094885
bsc e run.dat run.dat.bsc -b1 -m3 -ca -e0 -H15 -M255,0.7425037986410292,42786924.0591208
bsc e run.dat run.dat.bsc -b1 -m3 -ca -e0 -H28 -M4,0.745307907994345,1185444.6638431733
bsc e run.dat run.dat.bsc -b1 -m3 -ca -e0 -H28 -M128,0.7422254724094036,1095623.5320887747
bsc e run.dat run.dat.bsc -b1 -m3 -ca -e0 -H28 -M255,0.7424686878417702,1095063.663853478
bsc e run.dat run.dat.bsc -b1 -m3 -ca -e1 -H10 -M4,0.7372997198633678,13970682.568864383
bsc e run.dat run.dat.bsc -b1 -m3 -ca -e1 -H10 -M128,0.7333417087219065,13830451.752018234
bsc e run.dat run.dat.bsc -b1 -m3 -ca -e1 -H10 -M255,0.733421805232716,19659563.728189558
bsc e run.dat run.dat.bsc -b1 -m3 -ca -e1 -H15 -M4,0.7367708634495299,18267122.792195268
bsc e run.dat run.dat.bsc -b1 -m3 -ca -e1 -H15 -M128,0.7332462512364213,22035022.33799951
bsc e run.dat run.dat.bsc -b1 -m3 -ca -e1 -H15 -M255,0.7333651159214125,29186415.443802252
bsc e run.dat run.dat.bsc -b1 -m3 -ca -e1 -H28 -M4,0.7364384080690468,1073566.533792208
bsc e run.dat run.dat.bsc -b1 -m3 -ca -e1 -H28 -M128,0.7331321411388297,1127568.874207644
bsc e run.dat run.dat.bsc -b1 -m3 -ca -e1 -H28 -M255,0.7333336624970764,1024330.6734597667
bsc e run.dat run.dat.bsc -b1 -m3 -ca -e2 -H10 -M4,0.7305624695180659,31032322.30401905
bsc e run.dat run.dat.bsc -b1 -m3 -ca -e2 -H10 -M128,0.7261897120603584,24802454.900402594
bsc e run.dat run.dat.bsc -b1 -m3 -ca -e2 -H10 -M255,0.7262299431845093,28512542.00403519
bsc e run.dat run.dat.bsc -b1 -m3 -ca -e2 -H15 -M4,0.7300522657163344,27895725.637625422
bsc e run.dat run.dat.bsc -b1 -m3 -ca -e2 -H15 -M128,0.7261125414494872,27772873.881617296
bsc e run.dat run.dat.bsc -b1 -m3 -ca -e2 -H15 -M255,0.7261915407478198,27907707.27329937
bsc e run.dat run.dat.bsc -b1 -m3 -ca -e2 -H28 -M4,0.7297081067360983,1072956.6926286619
bsc e run.dat run.dat.bsc -b1 -m3 -ca -e2 -H28 -M128,0.7260258616638167,1012617.9353616881
bsc e run.dat run.dat.bsc -b1 -m3 -ca -e2 -H28 -M255,0.7261648419108833,1073209.8761316044
bsc e run.dat run.dat.bsc -b1 -m5 -cf -e0 -H10 -M4,0.7492033780246262,65585434.31636137
bsc e run.dat run.dat.bsc -b1 -m5 -cf -e0 -H10 -M128,0.7454307957917513,45076331.295016594
bsc e run.dat run.dat.bsc -b1 -m5 -cf -e0 -H10 -M255,0.7455002859152846,48456882.34345944
bsc e run.dat run.dat.bsc -b1 -m5 -cf -e0 -H15 -M4,0.7493441869591543,51929678.422267854
bsc e run.dat run.dat.bsc -b1 -m5 -cf -e0 -H15 -M128,0.745356185343326,53076463.72771409
bsc e run.dat run.dat.bsc -b1 -m5 -cf -e0 -H15 -M255,0.7454556659412264,52478251.44490916
bsc e run.dat run.dat.bsc -b1 -m5 -cf -e0 -H28 -M4,0.7491609524755216,1120819.679571128
bsc e run.dat run.dat.bsc -b1 -m5 -cf -e0 -H28 -M128,0.7452907183322077,1053835.4907056899
bsc e run.dat run.dat.bsc -b1 -m5 -cf -e0 -H28 -M255,0.7454110459671681,1064290.44888459
bsc e run.dat run.dat.bsc -b1 -m5 -cf -e1 -H10 -M4,0.7394575710678236,37017544.45032779
bsc e run.dat run.dat.bsc -b1 -m5 -cf -e1 -H10 -M128,0.7356765768726262,40602923.010559596
bsc e run.dat run.dat.bsc -b1 -m5 -cf -e1 -H10 -M255,0.7357186366842385,35645407.78660135
bsc e run.dat run.dat.bsc -b1 -m5 -cf -e1 -H15 -M4,0.7395852134526296,31743903.186289422
bsc e run.dat run.dat.bsc -b1 -m5 -cf -e1 -H15 -M128,0.7356315911610757,29879983.919563215
bsc e run.dat run.dat.bsc -b1 -m5 -cf -e1 -H15 -M255,0.7356981553846708,29777300.76300866
bsc e run.dat run.dat.bsc -b1 -m5 -cf -e1 -H28 -M4,0.7394524507429318,1055523.7898639154
bsc e run.dat run.dat.bsc -b1 -m5 -cf -e1 -H28 -M128,0.7355778277497105,1076760.8151910577
bsc e run.dat run.dat.bsc -b1 -m5 -cf -e1 -H28 -M255,0.735664507535381,995615.6281373025
bsc e run.dat run.dat.bsc -b1 -m5 -cf -e2 -H10 -M4,0.7329858461419175,16554906.768451467
bsc e run.dat run.dat.bsc -b1 -m5 -cf -e2 -H10 -M128,0.7290230804130566,21606339.216739345
bsc e run.dat run.dat.bsc -b1 -m5 -cf -e2 -H10 -M255,0.7290413672876707,20414849.42764906
bsc e run.dat run.dat.bsc -b1 -m5 -cf -e2 -H15 -M4,0.7331339698262912,25140377.450214453
bsc e run.dat run.dat.bsc -b1 -m5 -cf -e2 -H15 -M128,0.7289799233889674,24232690.4461424
bsc e run.dat run.dat.bsc -b1 -m5 -cf -e2 -H15 -M255,0.729024909100518,29018878.823300485
bsc e run.dat run.dat.bsc -b1 -m5 -cf -e2 -H28 -M4,0.7329843831919484,1078003.1901150702
bsc e run.dat run.dat.bsc -b1 -m5 -cf -e2 -H28 -M128,0.7289422524272626,1092851.041830878
bsc e run.dat run.dat.bsc -b1 -m5 -cf -e2 -H28 -M255,0.7290033305884734,1074057.098985754
bsc e run.dat run.dat.bsc -b1 -m5 -cp -e0 -H10 -M4,0.7444220917880412,49791475.79586839
bsc e run.dat run.dat.bsc -b1 -m5 -cp -e0 -H10 -M128,0.7405763620567102,39344622.78651354
bsc e run.dat run.dat.bsc -b1 -m5 -cp -e0 -H10 -M255,0.7406432920177975,50859241.18852348
bsc e run.dat run.dat.bsc -b1 -m5 -cp -e0 -H15 -M4,0.744410022450796,40965959.988983415
bsc e run.dat run.dat.bsc -b1 -m5 -cp -e0 -H15 -M128,0.7404915109585011,39856161.06491877
bsc e run.dat run.dat.bsc -b1 -m5 -cp -e0 -H15 -M255,0.740598306306247,29031955.172027428
bsc e run.dat run.dat.bsc -b1 -m5 -cp -e0 -H28 -M4,0.7437096351530785,1087911.094683812
bsc e run.dat run.dat.bsc -b1 -m5 -cp -e0 -H28 -M128,0.740114801341452,1102710.3916199154
bsc e run.dat run.dat.bsc -b1 -m5 -cp -e0 -H28 -M255,0.740246466838673,1116199.15057819
bsc e run.dat run.dat.bsc -b1 -m5 -cp -e1 -H10 -M4,0.7354754212518719,45699818.039742015
bsc e run.dat run.dat.bsc -b1 -m5 -cp -e1 -H10 -M128,0.7315967751462356,48472345.78070079
bsc e run.dat run.dat.bsc -b1 -m5 -cp -e1 -H10 -M255,0.7316439552827397,38847956.96621997
bsc e run.dat run.dat.bsc -b1 -m5 -cp -e1 -H15 -M4,0.7354359216027055,48667352.544351175
bsc e run.dat run.dat.bsc -b1 -m5 -cp -e1 -H15 -M128,0.7315550810721155,28885085.758684613
bsc e run.dat run.dat.bsc -b1 -m5 -cp -e1 -H15 -M255,0.7316322516829867,28883667.125279725
bsc e run.dat run.dat.bsc -b1 -m5 -cp -e1 -H28 -M4,0.7348785376644699,1115416.2912249155
bsc e run.dat run.dat.bsc -b1 -m5 -cp -e1 -H28 -M128,0.731274194678044,1052318.4985245795
bsc e run.dat run.dat.bsc -b1 -m5 -cp -e1 -H28 -M255,0.7313670920010833,1075362.711166223
bsc e run.dat run.dat.bsc -b1 -m5 -cp -e2 -H10 -M4,0.7292224073463496,29355371.792491492
bsc e run.dat run.dat.bsc -b1 -m5 -cp -e2 -H10 -M128,0.7252585444050118,29951545.26657569
bsc e run.dat run.dat.bsc -b1 -m5 -cp -e2 -H10 -M255,0.7252739053796876,30884814.98517037
bsc e run.dat run.dat.bsc -b1 -m5 -cp -e2 -H15 -M4,0.729145968210463,20069058.771374647
bsc e run.dat run.dat.bsc -b1 -m5 -cp -e2 -H15 -M128,0.7252270909806757,18564321.192874763
bsc e run.dat run.dat.bsc -b1 -m5 -cp -e2 -H15 -M255,0.7252709794797494,21862749.180020534
bsc e run.dat run.dat.bsc -b1 -m5 -cp -e2 -H28 -M4,0.7286990369948959,1035819.7627398795
bsc e run.dat run.dat.bsc -b1 -m5 -cp -e2 -H28 -M128,0.725042393547074,1067059.8692604953
bsc e run.dat run.dat.bsc -b1 -m5 -cp -e2 -H28 -M255,0.7250946940084702,1001071.9283066624
bsc e run.dat run.dat.bsc -b1 -m5 -ca -e0 -H10 -M4,0.7441199926194174,32338680.654033568
bsc e run.dat run.dat.bsc -b1 -m5 -ca -e0 -H10 -M128,0.7404110487101992,30933216.14746862
bsc e run.dat run.dat.bsc -b1 -m5 -ca -e0 -H10 -M255,0.7404582288467035,29211804.0830957
bsc e run.dat run.dat.bsc -b1 -m5 -ca -e0 -H15 -M4,0.7440311184087932,34564561.86727027
bsc e run.dat run.dat.bsc -b1 -m5 -ca -e0 -H15 -M128,0.7403093736873453,32410470.56285848
bsc e run.dat run.dat.bsc -b1 -m5 -ca -e0 -H15 -M255,0.7403847156107551,33542575.19320495
bsc e run.dat run.dat.bsc -b1 -m5 -ca -e0 -H28 -M4,0.7437842456015038,1058904.251370909
bsc e run.dat run.dat.bsc -b1 -m5 -ca -e0 -H28 -M128,0.7402369576638738,1020015.5703715807
bsc e run.dat run.dat.bsc -b1 -m5 -ca -e0 -H28 -M255,0.7403583825113109,1120982.099271684
bsc e run.dat run.dat.bsc -b1 -m5 -ca -e1 -H10 -M4,0.735273534156133,29280383.921565425
bsc e run.dat run.dat.bsc -b1 -m5 -ca -e1 -H10 -M128,0.7315057065106577,36582873.301357016
bsc e run.dat run.dat.bsc -b1 -m5 -ca -e1 -H10 -M255,0.731540085834932,35120284.34222156
bsc e run.dat run.dat.bsc -b1 -m5 -ca -e1 -H15 -M4,0.7351912432203698,38475265.4661037
bsc e run.dat run.dat.bsc -b1 -m5 -ca -e1 -H15 -M128,0.7314493829368465,34401413.14959631
bsc e run.dat run.dat.bsc -b1 -m5 -ca -e1 -H15 -M255,0.7315046092981808,40524297.598897494
bsc e run.dat run.dat.bsc -b1 -m5 -ca -e1 -H28 -M4,0.7349575369628025,1157764.134933995
bsc e run.dat run.dat.bsc -b1 -m5 -ca -e1 -H28 -M128,0.7313941565755121,1112096.2580016025
bsc e run.dat run.dat.bsc -b1 -m5 -ca -e1 -H28 -M255,0.7314808363611826,1091804.2592622724
bsc e run.dat run.dat.bsc -b1 -m5 -ca -e2 -H10 -M4,0.7291075657737734,19049716.636845887
bsc e run.dat run.dat.bsc -b1 -m5 -ca -e2 -H10 -M128,0.7252329427805522,16655661.172796313
bsc e run.dat run.dat.bsc -b1 -m5 -ca -e2 -H10 -M255,0.7252420862178592,14791987.107081935
bsc e run.dat run.dat.bsc -b1 -m5 -ca -e2 -H15 -M4,0.7290186915631492,18091295.611699007
bsc e run.dat run.dat.bsc -b1 -m5 -ca -e2 -H15 -M128,0.7251861283815403,18268679.62031717
bsc e run.dat run.dat.bsc -b1 -m5 -ca -e2 -H15 -M255,0.7252212391807992,20917653.74324964
bsc e run.dat run.dat.bsc -b1 -m5 -ca -e2 -H28 -M4,0.7287725502308443,1109553.9011178724
bsc e run.dat run.dat.bsc -b1 -m5 -ca -e2 -H28 -M128,0.7251469944698663,1085193.9325528024
bsc e run.dat run.dat.bsc -b1 -m5 -ca -e2 -H28 -M255,0.7252011236187238,1039928.9000935957
bsc e run.dat run.dat.bsc -b1 -m8 -cf -e0 -H10 -M4,0.7485969852624249,8816666.907498233
bsc e run.dat run.dat.bsc -b1 -m8 -cf -e0 -H10 -M128,0.74461593265895,9907750.241476996
bsc e run.dat run.dat.bsc -b1 -m8 -cf -e0 -H10 -M255,0.7446517749331935,10569788.262941642
bsc e run.dat run.dat.bsc -b1 -m8 -cf -e0 -H15 -M4,0.7489071306558789,11227522.616203833
bsc e run.dat run.dat.bsc -b1 -m8 -cf -e0 -H15 -M128,0.7445614377726002,13888572.746519402
bsc e run.dat run.dat.bsc -b1 -m8 -cf -e0 -H15 -M255,0.7446195900338728,16839231.41500632
bsc e run.dat run.dat.bsc -b1 -m8 -cf -e0 -H28 -M4,0.7488859178813266,1048325.8715473418
bsc e run.dat run.dat.bsc -b1 -m8 -cf -e0 -H28 -M128,0.7445153548485728,1075438.74757151
bsc e run.dat run.dat.bsc -b1 -m8 -cf -e0 -H28 -M255,0.744592525459444,1038436.7015568212
bsc e run.dat run.dat.bsc -b1 -m8 -cf -e1 -H10 -M4,0.7388175304563325,8050111.620717745
bsc e run.dat run.dat.bsc -b1 -m8 -cf -e1 -H10 -M128,0.7348960930640993,9103992.925362494
bsc e run.dat run.dat.bsc -b1 -m8 -cf -e1 -H10 -M255,0.7349169401011594,10249402.908348948
bsc e run.dat run.dat.bsc -b1 -m8 -cf -e1 -H15 -M4,0.7391141435625721,12287145.7083182
bsc e run.dat run.dat.bsc -b1 -m8 -cf -e1 -H15 -M128,0.7348558619399485,13531073.946423516
bsc e run.dat run.dat.bsc -b1 -m8 -cf -e1 -H15 -M255,0.7348986532265454,14135793.343912514
bsc e run.dat run.dat.bsc -b1 -m8 -cf -e1 -H28 -M4,0.7391104861876493,1074873.8744737434
bsc e run.dat run.dat.bsc -b1 -m8 -cf -e1 -H28 -M128,0.7348225798281509,1018152.781549675
bsc e run.dat run.dat.bsc -b1 -m8 -cf -e1 -H28 -M255,0.7348789034019622,1028281.8577636383
bsc e run.dat run.dat.bsc -b1 -m8 -cf -e2 -H10 -M4,0.732405420741668,9234693.891923036
bsc e run.dat run.dat.bsc -b1 -m8 -cf -e2 -H10 -M128,0.7284459466502378,11103360.215265185
bsc e run.dat run.dat.bsc -b1 -m8 -cf -e2 -H10 -M255,0.7284499697626529,11441025.703492943
bsc e run.dat run.dat.bsc -b1 -m8 -cf -e2 -H15 -M4,0.7326888672981856,12029621.011902096
bsc e run.dat run.dat.bsc -b1 -m8 -cf -e2 -H15 -M128,0.7284101043759942,12855538.410001429
bsc e run.dat run.dat.bsc -b1 -m8 -cf -e2 -H15 -M255,0.7284353402629616,12316202.973629015
bsc e run.dat run.dat.bsc -b1 -m8 -cf -e2 -H28 -M4,0.7326705804235716,1005954.6639279984
bsc e run.dat run.dat.bsc -b1 -m8 -cf -e2 -H28 -M128,0.7283793824266427,962970.3205194768
bsc e run.dat run.dat.bsc -b1 -m8 -cf -e2 -H28 -M255,0.7284181506008244,1067359.9953478735
bsc e run.dat run.dat.bsc -b1 -m8 -cp -e0 -H10 -M4,0.7435915019430719,10412301.37217251
bsc e run.dat run.dat.bsc -b1 -m8 -cp -e0 -H10 -M128,0.7396971291252674,13264526.969287517
bsc e run.dat run.dat.bsc -b1 -m8 -cp -e0 -H10 -M255,0.7397358972994492,14661716.75533702
bsc e run.dat run.dat.bsc -b1 -m8 -cp -e0 -H15 -M4,0.7436368533921147,15081908.778246839
bsc e run.dat run.dat.bsc -b1 -m8 -cp -e0 -H15 -M128,0.7396356852265643,15940985.210417455
bsc e run.dat run.dat.bsc -b1 -m8 -cp -e0 -H15 -M255,0.7397059068250822,16040619.224781957
bsc e run.dat run.dat.bsc -b1 -m8 -cp -e0 -H28 -M4,0.7433566984730277,1081256.7416782388
bsc e run.dat run.dat.bsc -b1 -m8 -cp -e0 -H28 -M128,0.7393065214835117,1026429.2488117554
bsc e run.dat run.dat.bsc -b1 -m8 -cp -e0 -H28 -M255,0.7393939327441668,1078422.160989603
bsc e run.dat run.dat.bsc -b1 -m8 -cp -e1 -H10 -M4,0.7346901828559453,10087164.663706271
bsc e run.dat run.dat.bsc -b1 -m8 -cp -e1 -H10 -M128,0.7307062043525322,13295398.506718667
bsc e run.dat run.dat.bsc -b1 -m8 -cp -e1 -H10 -M255,0.7307303430270227,14897411.790102143
bsc e run.dat run.dat.bsc -b1 -m8 -cp -e1 -H15 -M4,0.7347461406922643,15103131.810153197
bsc e run.dat run.dat.bsc -b1 -m8 -cp -e1 -H15 -M128,0.7306685333908273,14874784.73756054
bsc e run.dat run.dat.bsc -b1 -m8 -cp -e1 -H15 -M255,0.7307201023772388,14924942.754142141
bsc e run.dat run.dat.bsc -b1 -m8 -cp -e1 -H28 -M4,0.7345157260721275,1105316.307404763
bsc e run.dat run.dat.bsc -b1 -m8 -cp -e1 -H28 -M128,0.73045567417032,1034077.5258630239
bsc e run.dat run.dat.bsc -b1 -m8 -cp -e1 -H28 -M255,0.7305123634816234,989474.0305908446
bsc e run.dat run.dat.bsc -b1 -m8 -cp -e2 -H10 -M4,0.7285110479238637,8759164.805194974
bsc e run.dat run.dat.bsc -b1 -m8 -cp -e2 -H10 -M128,0.7244455099596719,10833863.344972955
bsc e run.dat run.dat.bsc -b1 -m8 -cp -e2 -H10 -M255,0.7244484358596102,11678162.43037851
bsc e run.dat run.dat.bsc -b1 -m8 -cp -e2 -H15 -M4,0.7285655428102135,12653258.748855691
bsc e run.dat run.dat.bsc -b1 -m8 -cp -e2 -H15 -M128,0.7244133250603513,12707843.107945621
bsc e run.dat run.dat.bsc -b1 -m8 -cp -e2 -H15 -M255,0.7244381952098263,12886176.70542271
bsc e run.dat run.dat.bsc -b1 -m8 -cp -e2 -H28 -M4,0.7283468317898297,1064273.2629900286
bsc e run.dat run.dat.bsc -b1 -m8 -cp -e2 -H28 -M128,0.7242897057879604,1047233.8278370494
bsc e run.dat run.dat.bsc -b1 -m8 -cp -e2 -H28 -M255,0.724317867574866,983698.8867842886
bsc e run.dat run.dat.bsc -b1 -m8 -ca -e0 -H10 -M4,0.7434777575829726,9878681.364793077
bsc e run.dat run.dat.bsc -b1 -m8 -ca -e0 -H10 -M128,0.7395383990536176,12030939.807132704
bsc e run.dat run.dat.bsc -b1 -m8 -ca -e0 -H10 -M255,0.7395566859282316,14454821.453270119
bsc e run.dat run.dat.bsc -b1 -m8 -ca -e0 -H15 -M4,0.7435260349319536,15389533.074278722
bsc e run.dat run.dat.bsc -b1 -m8 -ca -e0 -H15 -M128,0.7394612284427464,15835132.68572265
bsc e run.dat run.dat.bsc -b1 -m8 -ca -e0 -H15 -M255,0.7395025567793742,15744422.851037804
bsc e run.dat run.dat.bsc -b1 -m8 -ca -e0 -H28 -M4,0.7434225312216381,956392.8943871774
bsc e run.dat run.dat.bsc -b1 -m8 -ca -e0 -H28 -M128,0.7394030761814738,1025618.6428405307
bsc e run.dat run.dat.bsc -b1 -m8 -ca -e0 -H28 -M255,0.7394857328547293,1035172.9370830404
bsc e run.dat run.dat.bsc -b1 -m8 -ca -e1 -H10 -M4,0.7346097206076436,11192430.701163106
bsc e run.dat run.dat.bsc -b1 -m8 -ca -e1 -H10 -M128,0.7306469548787827,8357788.252422854
bsc e run.dat run.dat.bsc -b1 -m8 -ca -e1 -H10 -M255,0.7306579270035511,8672795.581240017
bsc e run.dat run.dat.bsc -b1 -m8 -ca -e1 -H15 -M4,0.7346693358188854,10561392.577561235
bsc e run.dat run.dat.bsc -b1 -m8 -ca -e1 -H15 -M128,0.7305961173673557,12901942.578680202
bsc e run.dat run.dat.bsc -b1 -m8 -ca -e1 -H15 -M255,0.7306275707916918,14590422.75859542
bsc e run.dat run.dat.bsc -b1 -m8 -ca -e1 -H28 -M4,0.7345837532456917,1070290.4519509065
bsc e run.dat run.dat.bsc -b1 -m8 -ca -e1 -H28 -M128,0.730561372305589,1042336.8783975998
bsc e run.dat run.dat.bsc -b1 -m8 -ca -e1 -H28 -M255,0.7306144042419698,1001677.6587247732
bsc e run.dat run.dat.bsc -b1 -m8 -ca -e2 -H10 -M4,0.7284689881122515,8250699.602292598
bsc e run.dat run.dat.bsc -b1 -m8 -ca -e2 -H10 -M128,0.7244579450344095,9070846.987969419
bsc e run.dat run.dat.bsc -b1 -m8 -ca -e2 -H10 -M255,0.7244517274970407,9240631.84336148
bsc e run.dat run.dat.bsc -b1 -m8 -ca -e2 -H15 -M4,0.7285150710362788,10391723.542982709
bsc e run.dat run.dat.bsc -b1 -m8 -ca -e2 -H15 -M128,0.7244122278478744,11756199.093745051
bsc e run.dat run.dat.bsc -b1 -m8 -ca -e2 -H15 -M255,0.7244257601350887,12703971.836371481
bsc e run.dat run.dat.bsc -b1 -m8 -ca -e2 -H28 -M4,0.728409738638502,1072762.1794648345
bsc e run.dat run.dat.bsc -b1 -m8 -ca -e2 -H28 -M128,0.7243862604859225,1080705.957034199
bsc e run.dat run.dat.bsc -b1 -m8 -ca -e2 -H28 -M255,0.7244166166977818,1011870.7259699644
bsc e run.dat run.dat.bsc -b25 -m3 -cf -e0 -H10 -M4,0.7626837305151065,38386724.35659128
bsc e run.dat run.dat.bsc -b25 -m3 -cf -e0 -H10 -M128,0.7591459517522757,41798293.11927455
bsc e run.dat run.dat.bsc -b25 -m3 -cf -e0 -H10 -M255,0.759324797386001,45646430.614344224
bsc e run.dat run.dat.bsc -b25 -m3 -cf -e0 -H15 -M4,0.762372853646668,45546088.070264764
bsc e run.dat run.dat.bsc -b25 -m3 -cf -e0 -H15 -M128,0.7590201380549312,48291195.11640471
bsc e run.dat run.dat.bsc -b25 -m3 -cf -e0 -H15 -M255,0.7592498212000834,49336500.90023489
bsc e run.dat run.dat.bsc -b25 -m3 -cf -e0 -H28 -M4,0.7622053458752034,1978742.3346658875
bsc e run.dat run.dat.bsc -b25 -m3 -cf -e0 -H28 -M128,0.7588102047343621,2034424.8645059052
bsc e run.dat run.dat.bsc -b25 -m3 -cf -e0 -H28 -M255,0.7591174242278779,1985438.1268468478
bsc e run.dat run.dat.bsc -b25 -m3 -cf -e1 -H10 -M4,0.7558038425478152,43026757.56802053
bsc e run.dat run.dat.bsc -b25 -m3 -cf -e1 -H10 -M128,0.7521168428881339,35969294.837071225
bsc e run.dat run.dat.bsc -b25 -m3 -cf -e1 -H10 -M255,0.7522393649480479,39610707.701056406
bsc e run.dat run.dat.bsc -b25 -m3 -cf -e1 -H15 -M4,0.755511618291483,36864280.923645645
bsc e run.dat run.dat.bsc -b25 -m3 -cf -e1 -H15 -M128,0.7520169965527412,36834620.368620105
bsc e run.dat run.dat.bsc -b25 -m3 -cf -e1 -H15 -M255,0.7521753608868987,36211382.09984275
bsc e run.dat run.dat.bsc -b25 -m3 -cf -e1 -H28 -M4,0.7553638603446016,2057571.6856840437
bsc e run.dat run.dat.bsc -b25 -m3 -cf -e1 -H28 -M128,0.751849854518769,1848415.1629459246
bsc e run.dat run.dat.bsc -b25 -m3 -cf -e1 -H28 -M255,0.7520714914390911,1919375.8901524069
bsc e run.dat run.dat.bsc -b25 -m3 -cf -e2 -H10 -M4,0.7497183364137574,21338112.02857964
bsc e run.dat run.dat.bsc -b25 -m3 -cf -e2 -H10 -M128,0.7457438670851435,15991221.18203774
bsc e run.dat run.dat.bsc -b25 -m3 -cf -e2 -H10 -M255,0.74583310703326,17614720.038239736
bsc e run.dat run.dat.bsc -b25 -m3 -cf -e2 -H15 -M4,0.7494890190060974,18268039.39719036
bsc e run.dat run.dat.bsc -b25 -m3 -cf -e2 -H15 -M128,0.7456593817244267,20770789.745539505
bsc e run.dat run.dat.bsc -b25 -m3 -cf -e2 -H15 -M255,0.7457826352593252,23736098.57053621
bsc e run.dat run.dat.bsc -b25 -m3 -cf -e2 -H28 -M4,0.7493566220338918,1779455.4088099245
bsc e run.dat run.dat.bsc -b25 -m3 -cf -e2 -H28 -M128,0.7455302763896516,1797201.3777082143
bsc e run.dat run.dat.bsc -b25 -m3 -cf -e2 -H28 -M255,0.7457007100610544,1899424.9072290484
bsc e run.dat run.dat.bsc -b25 -m3 -cp -e0 -H10 -M4,0.7603108256651896,28297921.562485505
bsc e run.dat run.dat.bsc -b25 -m3 -cp -e0 -H10 -M128,0.7562204175515228,17684529.12347557
bsc e run.dat run.dat.bsc -b25 -m3 -cp -e0 -H10 -M255,0.756413526947447,16167676.254130358
bsc e run.dat run.dat.bsc -b25 -m3 -cp -e0 -H15 -M4,0.7597004097905732,19730084.728473905
bsc e run.dat run.dat.bsc -b25 -m3 -cp -e0 -H15 -M128,0.7560715623921646,25911306.726110764
bsc e run.dat run.dat.bsc -b25 -m3 -cp -e0 -H15 -M255,0.7563458655113751,21098681.503089443
bsc e run.dat run.dat.bsc -b25 -m3 -cp -e0 -H28 -M4,0.7590168464175007,1956989.5533894033
bsc e run.dat run.dat.bsc -b25 -m3 -cp -e0 -H28 -M128,0.7555240533662204,1937144.5959624606
bsc e run.dat run.dat.bsc -b25 -m3 -cp -e0 -H28 -M255,0.7558137174601067,1733671.2401137673
bsc e run.dat run.dat.bsc -b25 -m3 -cp -e1 -H10 -M4,0.7532802538510787,14662710.293439029
bsc e run.dat run.dat.bsc -b25 -m3 -cp -e1 -H10 -M128,0.7489828383167809,16592091.878427668
bsc e run.dat run.dat.bsc -b25 -m3 -cp -e1 -H10 -M255,0.7491324249511238,20376436.275186762
bsc e run.dat run.dat.bsc -b25 -m3 -cp -e1 -H15 -M4,0.7526222921024658,25160978.982017957
bsc e run.dat run.dat.bsc -b25 -m3 -cp -e1 -H15 -M128,0.7488840891938652,22980934.41769208
bsc e run.dat run.dat.bsc -b25 -m3 -cp -e1 -H15 -M255,0.7491031659517413,26096332.105490595
bsc e run.dat run.dat.bsc -b25 -m3 -cp -e1 -H28 -M4,0.7520714914390911,2027495.8900958477
bsc e run.dat run.dat.bsc -b25 -m3 -cp -e1 -H28 -M128,0.7484638568152348,1965876.1650255898
bsc e run.dat run.dat.bsc -b25 -m3 -cp -e1 -H28 -M255,0.7486928084854024,1873546.5791418138
bsc e run.dat run.dat.bsc -b25 -m3 -cp -e2 -H10 -M4,0.7472580203031854,7592374.100326885
bsc e run.dat run.dat.bsc -b25 -m3 -cp -e2 -H10 -M128,0.742528303053012,4673516.04198558
bsc e run.dat run.dat.bsc -b25 -m3 -cp -e2 -H10 -M255,0.7426296123383738,8257629.718247245
bsc e run.dat run.dat.bsc -b25 -m3 -cp -e2 -H15 -M4,0.7466018872420339,8826716.958616367
bsc e run.dat run.dat.bsc -b25 -m3 -cp -e2 -H15 -M128,0.7424562527670328,13686953.243805373
bsc e run.dat run.dat.bsc -b25 -m3 -cp -e2 -H15 -M255,0.7426058394013755,23609778.78479991
bsc e run.dat run.dat.bsc -b25 -m3 -cp -e2 -H28 -M4,0.7461878724007722,1803699.6824759915
bsc e run.dat run.dat.bsc -b25 -m3 -cp -e2 -H28 -M128,0.7421680516231156,1762646.739762865
bsc e run.dat run.dat.bsc -b25 -m3 -cp -e2 -H28 -M255,0.7423183697324429,1870577.8517925455
bsc e run.dat run.dat.bsc -b25 -m3 -ca -e0 -H10 -M4,0.7603108256651896,25802636.91984876
bsc e run.dat run.dat.bsc -b25 -m3 -ca -e0 -H10 -M128,0.7562204175515228,17969965.038478173
bsc e run.dat run.dat.bsc -b25 -m3 -ca -e0 -H10 -M255,0.756413526947447,17813236.027393814
bsc e run.dat run.dat.bsc -b25 -m3 -ca -e0 -H15 -M4,0.7597004097905732,10146909.19666768
bsc e run.dat run.dat.bsc -b25 -m3 -ca -e0 -H15 -M128,0.7560715623921646,14447901.380284937
bsc e run.dat run.dat.bsc -b25 -m3 -ca -e0 -H15 -M255,0.7563458655113751,17105292.47696438
bsc e run.dat run.dat.bsc -b25 -m3 -ca -e0 -H28 -M4,0.7590168464175007,1790468.0485131347
bsc e run.dat run.dat.bsc -b25 -m3 -ca -e0 -H28 -M128,0.7555240533662204,1949346.262304406
bsc e run.dat run.dat.bsc -b25 -m3 -ca -e0 -H28 -M255,0.7558137174601067,1903994.3764210346
bsc e run.dat run.dat.bsc -b25 -m3 -ca -e1 -H10 -M4,0.7532802538510787,12759251.081025964
bsc e run.dat run.dat.bsc -b25 -m3 -ca -e1 -H10 -M128,0.7489828383167809,10848375.131435446
bsc e run.dat run.dat.bsc -b25 -m3 -ca -e1 -H10 -M255,0.7491324249511238,14134669.579846267
bsc e run.dat run.dat.bsc -b25 -m3 -ca -e1 -H15 -M4,0.7526222921024658,16565931.121026019
bsc e run.dat run.dat.bsc -b25 -m3 -ca -e1 -H15 -M128,0.7488840891938652,20229641.120624736
bsc e run.dat run.dat.bsc -b25 -m3 -ca -e1 -H15 -M255,0.7491031659517413,30982606.267686624
bsc e run.dat run.dat.bsc -b25 -m3 -ca -e1 -H28 -M4,0.7520714914390911,1842602.1929617154
bsc e run.dat run.dat.bsc -b25 -m3 -ca -e1 -H28 -M128,0.7484638568152348,1933841.2734497222
bsc e run.dat run.dat.bsc -b25 -m3 -ca -e1 -H28 -M255,0.7486928084854024,1868979.357304619
bsc e run.dat run.dat.bsc -b25 -m3 -ca -e2 -H10 -M4,0.7472580203031854,9610549.9912267
bsc e run.dat run.dat.bsc -b25 -m3 -ca -e2 -H10 -M128,0.742528303053012,9056595.299378686
bsc e run.dat run.dat.bsc -b25 -m3 -ca -e2 -H10 -M255,0.7426296123383738,10988216.858064331
bsc e run.dat run.dat.bsc -b25 -m3 -ca -e2 -H15 -M4,0.7466018872420339,14340835.657605328
bsc e run.dat run.dat.bsc -b25 -m3 -ca -e2 -H15 -M128,0.7424562527670328,16765685.075602267
bsc e run.dat run.dat.bsc -b25 -m3 -ca -e2 -H15 -M255,0.7426058394013755,21097614.09391212
bsc e run.dat run.dat.bsc -b25 -m3 -ca -e2 -H28 -M4,0.7461878724007722,1902587.612048772
bsc e run.dat run.dat.bsc -b25 -m3 -ca -e2 -H28 -M128,0.7421680516231156,1904441.1474029485
bsc e run.dat run.dat.bsc -b25 -m3 -ca -e2 -H28 -M255,0.7423183697324429,1810145.4299768328
bsc e run.dat run.dat.bsc -b25 -m5 -cf -e0 -H10 -M4,0.760949769064204,32746834.097428925
bsc e run.dat run.dat.bsc -b25 -m5 -cf -e0 -H10 -M128,0.757112085557703,29515124.960445143
bsc e run.dat run.dat.bsc -b25 -m5 -cf -e0 -H10 -M255,0.757218880905449,31467223.55432507
bsc e run.dat run.dat.bsc -b25 -m5 -cf -e0 -H15 -M4,0.7610635134243032,34156327.31924856
bsc e run.dat run.dat.bsc -b25 -m5 -cf -e0 -H15 -M128,0.7569990726725884,37606956.94232576
bsc e run.dat run.dat.bsc -b25 -m5 -cf -e0 -H15 -M255,0.75716292306913,38917696.74473912
bsc e run.dat run.dat.bsc -b25 -m5 -cf -e0 -H28 -M4,0.7610971612735931,1866247.054736528
bsc e run.dat run.dat.bsc -b25 -m5 -cf -e0 -H28 -M128,0.7568849625749967,1897571.5420759183
bsc e run.dat run.dat.bsc -b25 -m5 -cf -e0 -H28 -M255,0.7570597850963069,1931935.792053052
bsc e run.dat run.dat.bsc -b25 -m5 -cf -e1 -H10 -M4,0.7539707662365045,39267092.918942794
bsc e run.dat run.dat.bsc -b25 -m5 -cf -e1 -H10 -M128,0.7500255559072732,31493277.480597623
bsc e run.dat run.dat.bsc -b25 -m5 -cf -e1 -H10 -M255,0.7501019950431598,33231060.727891255
bsc e run.dat run.dat.bsc -b25 -m5 -cf -e1 -H15 -M4,0.7540622006095746,32505274.95456008
bsc e run.dat run.dat.bsc -b25 -m5 -cf -e1 -H15 -M128,0.7499531398838015,32375152.730135832
bsc e run.dat run.dat.bsc -b25 -m5 -cf -e1 -H15 -M255,0.7500555463816401,33361228.109758563
bsc e run.dat run.dat.bsc -b25 -m5 -cf -e1 -H28 -M4,0.7540921910839417,2014157.5499750911
bsc e run.dat run.dat.bsc -b25 -m5 -cf -e1 -H28 -M128,0.7498679230481001,1837006.4749354236
bsc e run.dat run.dat.bsc -b25 -m5 -cf -e1 -H28 -M255,0.74998495904563,2032160.9033624802
bsc e run.dat run.dat.bsc -b25 -m5 -cf -e2 -H10 -M4,0.748008147899853,23656362.533855222
bsc e run.dat run.dat.bsc -b25 -m5 -cf -e2 -H10 -M128,0.7438566616249753,22718636.352077212
bsc e run.dat run.dat.bsc -b25 -m5 -cf -e2 -H10 -M255,0.7439148138862479,22433192.40284032
bsc e run.dat run.dat.bsc -b25 -m5 -cf -e2 -H15 -M4,0.7480820268732937,23007121.5464829
bsc e run.dat run.dat.bsc -b25 -m5 -cf -e2 -H15 -M128,0.743792291826334,21621737.5303071
bsc e run.dat run.dat.bsc -b25 -m5 -cf -e2 -H15 -M255,0.7438778743995276,23454944.49376969
bsc e run.dat run.dat.bsc -b25 -m5 -cf -e2 -H28 -M4,0.7481164061975681,2010715.7936988443
bsc e run.dat run.dat.bsc -b25 -m5 -cf -e2 -H28 -M128,0.7437162184279396,1918920.319336581
bsc e run.dat run.dat.bsc -b25 -m5 -cf -e2 -H28 -M255,0.7438113101759325,1781928.101216856
bsc e run.dat run.dat.bsc -b25 -m5 -cp -e0 -H10 -M4,0.7584887214786474,24936473.686197724
bsc e run.dat run.dat.bsc -b25 -m5 -cp -e0 -H10 -M128,0.7543028558794953,18999236.735584576
bsc e run.dat run.dat.bsc -b25 -m5 -cp -e0 -H10 -M255,0.7544224520394711,12538407.144983985
bsc e run.dat run.dat.bsc -b25 -m5 -cp -e0 -H15 -M4,0.7583358432068741,15852392.169033982
bsc e run.dat run.dat.bsc -b25 -m5 -cp -e0 -H15 -M128,0.7541843569319964,19295539.387109693
bsc e run.dat run.dat.bsc -b25 -m5 -cp -e0 -H15 -M255,0.7543507674909841,19345780.51627672
bsc e run.dat run.dat.bsc -b25 -m5 -cp -e0 -H28 -M4,0.7578015007306521,1895504.8056737185
bsc e run.dat run.dat.bsc -b25 -m5 -cp -e0 -H28 -M128,0.7537121898294621,1959152.4563532267
bsc e run.dat run.dat.bsc -b25 -m5 -cp -e0 -H28 -M255,0.7538731143260656,1888060.7152665819
bsc e run.dat run.dat.bsc -b25 -m5 -cp -e1 -H10 -M4,0.7515466581376683,20065863.293429907
bsc e run.dat run.dat.bsc -b25 -m5 -cp -e1 -H10 -M128,0.7474167503748352,20057966.75319569
bsc e run.dat run.dat.bsc -b25 -m5 -cp -e1 -H10 -M255,0.747497212623137,20354790.72619713
bsc e run.dat run.dat.bsc -b25 -m5 -cp -e1 -H15 -M4,0.7513348961296379,22293100.10401178
bsc e run.dat run.dat.bsc -b25 -m5 -cp -e1 -H15 -M128,0.7473468945138096,20296072.108750015
bsc e run.dat run.dat.bsc -b25 -m5 -cp -e1 -H15 -M255,0.7474734396861387,23551328.837064974
bsc e run.dat run.dat.bsc -b25 -m5 -cp -e1 -H28 -M4,0.7509556263501428,2089492.93734813
bsc e run.dat run.dat.bsc -b25 -m5 -cp -e1 -H28 -M128,0.7470118789708805,1910053.5484927027
bsc e run.dat run.dat.bsc -b25 -m5 -cp -e1 -H28 -M255,0.7471201372685956,1988431.3985098822
bsc e run.dat run.dat.bsc -b25 -m5 -cp -e2 -H10 -M4,0.7460445033037982,8416590.948593287
bsc e run.dat run.dat.bsc -b25 -m5 -cp -e2 -H10 -M128,0.7418136519930956,5676494.934104714
bsc e run.dat run.dat.bsc -b25 -m5 -cp -e2 -H10 -M255,0.7418630265545535,15653101.033736942
bsc e run.dat run.dat.bsc -b25 -m5 -cp -e2 -H15 -M4,0.7458016536089238,13335091.824407669
bsc e run.dat run.dat.bsc -b25 -m5 -cp -e2 -H15 -M128,0.7417587913692535,15804613.170826698
bsc e run.dat run.dat.bsc -b25 -m5 -cp -e2 -H15 -M255,0.7418487627923546,16796465.394865304
bsc e run.dat run.dat.bsc -b25 -m5 -cp -e2 -H28 -M4,0.7455481975267734,1882549.5891028184
bsc e run.dat run.dat.bsc -b25 -m5 -cp -e2 -H28 -M128,0.7415206962617789,1810851.4269177704
bsc e run.dat run.dat.bsc -b25 -m5 -cp -e2 -H28 -M255,0.7415865290103894,1738214.7062459157
bsc e run.dat run.dat.bsc -b25 -m5 -ca -e0 -H10 -M4,0.7584887214786474,20191512.308427457
bsc e run.dat run.dat.bsc -b25 -m5 -ca -e0 -H10 -M128,0.7543028558794953,16192787.68669102
bsc e run.dat run.dat.bsc -b25 -m5 -ca -e0 -H10 -M255,0.7544224520394711,16182151.470722245
bsc e run.dat run.dat.bsc -b25 -m5 -ca -e0 -H15 -M4,0.7583358432068741,20184120.484880485
bsc e run.dat run.dat.bsc -b25 -m5 -ca -e0 -H15 -M128,0.7541843569319964,21533778.768023252
bsc e run.dat run.dat.bsc -b25 -m5 -ca -e0 -H15 -M255,0.7543507674909841,21473378.06286934
bsc e run.dat run.dat.bsc -b25 -m5 -ca -e0 -H28 -M4,0.7578015007306521,1889983.6832968965
bsc e run.dat run.dat.bsc -b25 -m5 -ca -e0 -H28 -M128,0.7537121898294621,1992270.5823169728
bsc e run.dat run.dat.bsc -b25 -m5 -ca -e0 -H28 -M255,0.7538731143260656,1842692.3461916337
bsc e run.dat run.dat.bsc -b25 -m5 -ca -e1 -H10 -M4,0.7515466581376683,16010342.56061394
bsc e run.dat run.dat.bsc -b25 -m5 -ca -e1 -H10 -M128,0.7474167503748352,16905397.573226903
bsc e run.dat run.dat.bsc -b25 -m5 -ca -e1 -H10 -M255,0.747497212623137,16227810.947839407
bsc e run.dat run.dat.bsc -b25 -m5 -ca -e1 -H15 -M4,0.7513348961296379,17776443.088003535
bsc e run.dat run.dat.bsc -b25 -m5 -ca -e1 -H15 -M128,0.7473468945138096,18547252.561198026
bsc e run.dat run.dat.bsc -b25 -m5 -ca -e1 -H15 -M255,0.7474734396861387,20688037.59515887
bsc e run.dat run.dat.bsc -b25 -m5 -ca -e1 -H28 -M4,0.7509556263501428,1874511.695193374
bsc e run.dat run.dat.bsc -b25 -m5 -ca -e1 -H28 -M128,0.7470118789708805,1729116.3978782122
bsc e run.dat run.dat.bsc -b25 -m5 -ca -e1 -H28 -M255,0.7471201372685956,1851875.6361048557
bsc e run.dat run.dat.bsc -b25 -m5 -ca -e2 -H10 -M4,0.7460445033037982,14969839.629040627
bsc e run.dat run.dat.bsc -b25 -m5 -ca -e2 -H10 -M128,0.7418136519930956,16185154.699714206
bsc e run.dat run.dat.bsc -b25 -m5 -ca -e2 -H10 -M255,0.7418630265545535,18102790.1266477
bsc e run.dat run.dat.bsc -b25 -m5 -ca -e2 -H15 -M4,0.7458016536089238,20093092.540575773
bsc e run.dat run.dat.bsc -b25 -m5 -ca -e2 -H15 -M128,0.7417587913692535,17958005.79114789
bsc e run.dat run.dat.bsc -b25 -m5 -ca -e2 -H15 -M255,0.7418487627923546,19118823.01655715
bsc e run.dat run.dat.bsc -b25 -m5 -ca -e2 -H28 -M4,0.7455481975267734,1841903.9153551871
bsc e run.dat run.dat.bsc -b25 -m5 -ca -e2 -H28 -M128,0.7415206962617789,1903933.368771373
bsc e run.dat run.dat.bsc -b25 -m5 -ca -e2 -H28 -M255,0.7415865290103894,1817054.1991870524
bsc e run.dat run.dat.bsc -b25 -m8 -cf -e0 -H10 -M4,0.7603232607399272,9413550.722700527
bsc e run.dat run.dat.bsc -b25 -m8 -cf -e0 -H10 -M128,0.7562485793384284,10546352.701226875
bsc e run.dat run.dat.bsc -b25 -m8 -cf -e0 -H10 -M255,0.7563385507615294,8261639.226442265
bsc e run.dat run.dat.bsc -b25 -m8 -cf -e0 -H15 -M4,0.7606348690833503,10640111.974927051
bsc e run.dat run.dat.bsc -b25 -m8 -cf -e0 -H15 -M128,0.7561564134903737,11446495.643967122
bsc e run.dat run.dat.bsc -b25 -m8 -cf -e0 -H15 -M255,0.7562866160376256,13355529.079950994
bsc e run.dat run.dat.bsc -b25 -m8 -cf -e0 -H28 -M4,0.7608210294669211,1751324.2570252202
bsc e run.dat run.dat.bsc -b25 -m8 -cf -e0 -H28 -M128,0.7560774141920411,1733277.9389562944
bsc e run.dat run.dat.bsc -b25 -m8 -cf -e0 -H28 -M255,0.7561981075644937,1727762.8080843964
bsc e run.dat run.dat.bsc -b25 -m8 -cf -e1 -H10 -M4,0.7532842769634938,6458526.1600232255
bsc e run.dat run.dat.bsc -b25 -m8 -cf -e1 -H10 -M128,0.7492011835996725,7382899.751601882
bsc e run.dat run.dat.bsc -b25 -m8 -cf -e1 -H10 -M255,0.7492582386484683,7016971.926633089
bsc e run.dat run.dat.bsc -b25 -m8 -cf -e1 -H15 -M4,0.7535508995953664,8095065.0895855045
bsc e run.dat run.dat.bsc -b25 -m8 -cf -e1 -H15 -M128,0.7491302305261701,10341677.462405697
bsc e run.dat run.dat.bsc -b25 -m8 -cf -e1 -H15 -M255,0.749221299161748,12441177.660758736
bsc e run.dat run.dat.bsc -b25 -m8 -cf -e1 -H28 -M4,0.7537553468535512,1642352.534629067
bsc e run.dat run.dat.bsc -b25 -m8 -cf -e1 -H28 -M128,0.7490669579400056,1555382.7000918128
bsc e run.dat run.dat.bsc -b25 -m8 -cf -e1 -H28 -M255,0.7491496146132609,1744708.8232381337
bsc e run.dat run.dat.bsc -b25 -m8 -cf -e2 -H10 -M4,0.747385296950499,10410481.847818015
bsc e run.dat run.dat.bsc -b25 -m8 -cf -e2 -H10 -M128,0.7432491716502971,10484370.942399861
bsc e run.dat run.dat.bsc -b25 -m8 -cf -e2 -H10 -M255,0.7432886712994635,10403436.603442691
bsc e run.dat run.dat.bsc -b25 -m8 -cf -e2 -H15 -M4,0.7476018135459293,11184942.252546173
bsc e run.dat run.dat.bsc -b25 -m8 -cf -e2 -H15 -M128,0.7431833389016866,12318723.243769648
bsc e run.dat run.dat.bsc -b25 -m8 -cf -e2 -H15 -M255,0.7432616067250347,12596802.475688864
bsc e run.dat run.dat.bsc -b25 -m8 -cf -e2 -H28 -M4,0.7477978488417917,1630938.0641032269
bsc e run.dat run.dat.bsc -b25 -m8 -cf -e2 -H28 -M128,0.7431193348405375,1465166.6163936777
bsc e run.dat run.dat.bsc -b25 -m8 -cf -e2 -H28 -M255,0.7431891907015632,1493267.8418054937
bsc e run.dat run.dat.bsc -b25 -m8 -cp -e0 -H10 -M4,0.7575842526602373,7727590.205978602
bsc e run.dat run.dat.bsc -b25 -m8 -cp -e0 -H10 -M128,0.7534243544230372,9385404.17483847
bsc e run.dat run.dat.bsc -b25 -m8 -cp -e0 -H10 -M255,0.7535245664959221,11066139.051757129
bsc e run.dat run.dat.bsc -b25 -m8 -cp -e0 -H15 -M4,0.7574489297880935,12711667.424014792
bsc e run.dat run.dat.bsc -b25 -m8 -cp -e0 -H15 -M128,0.7533314570999979,14841875.474571412
bsc e run.dat run.dat.bsc -b25 -m8 -cp -e0 -H15 -M255,0.7534682429221109,15285046.443638079
bsc e run.dat run.dat.bsc -b25 -m8 -cp -e0 -H28 -M4,0.7574463696256476,1599113.4218923494
bsc e run.dat run.dat.bsc -b25 -m8 -cp -e0 -H28 -M128,0.752914516358798,1656268.446704396
bsc e run.dat run.dat.bsc -b25 -m8 -cp -e0 -H28 -M255,0.7530304551438509,1594753.129552016
bsc e run.dat run.dat.bsc -b25 -m8 -cp -e1 -H10 -M4,0.7506699853686716,7771086.622713005
bsc e run.dat run.dat.bsc -b25 -m8 -cp -e1 -H10 -M128,0.746476805019674,8421649.913497247
bsc e run.dat run.dat.bsc -b25 -m8 -cp -e1 -H10 -M255,0.7465448321932381,9260155.009121211
bsc e run.dat run.dat.bsc -b25 -m8 -cp -e1 -H15 -M4,0.750536125446497,11123505.034553165
bsc e run.dat run.dat.bsc -b25 -m8 -cp -e1 -H15 -M128,0.7464237730832932,13619205.343445146
bsc e run.dat run.dat.bsc -b25 -m8 -cp -e1 -H15 -M255,0.7465236194186858,13643785.339276377
bsc e run.dat run.dat.bsc -b25 -m8 -cp -e1 -H28 -M4,0.7505588011710183,1711635.5917147987
bsc e run.dat run.dat.bsc -b25 -m8 -cp -e1 -H28 -M128,0.7461469098016368,1632924.0708984735
bsc e run.dat run.dat.bsc -b25 -m8 -cp -e1 -H28 -M255,0.7462255433624772,1580995.8940626383
bsc e run.dat run.dat.bsc -b25 -m8 -cp -e2 -H10 -M4,0.7452548760579643,5884475.707836699
bsc e run.dat run.dat.bsc -b25 -m8 -cp -e2 -H10 -M128,0.7409633123235431,7244010.235704255
bsc e run.dat run.dat.bsc -b25 -m8 -cp -e2 -H10 -M255,0.7410134183599856,9366256.280208396
bsc e run.dat run.dat.bsc -b25 -m8 -cp -e2 -H15 -M4,0.7451455205477724,10418397.866418594
bsc e run.dat run.dat.bsc -b25 -m8 -cp -e2 -H15 -M128,0.7409256413618381,10792641.78382008
bsc e run.dat run.dat.bsc -b25 -m8 -cp -e2 -H15 -M255,0.7409965944353406,11414725.568312492
bsc e run.dat run.dat.bsc -b25 -m8 -cp -e2 -H28 -M4,0.7451795341345545,1604098.3823446783
bsc e run.dat run.dat.bsc -b25 -m8 -cp -e2 -H28 -M128,0.740748258678082,1582294.2401991128
bsc e run.dat run.dat.bsc -b25 -m8 -cp -e2 -H28 -M255,0.7407928786521403,1595604.0589774286
bsc e run.dat run.dat.bsc -b25 -m8 -ca -e0 -H10 -M4,0.7575842526602373,8639109.493510915
bsc e run.dat run.dat.bsc -b25 -m8 -ca -e0 -H10 -M128,0.7534243544230372,8726472.164955765
bsc e run.dat run.dat.bsc -b25 -m8 -ca -e0 -H10 -M255,0.7535245664959221,9341574.868369991
bsc e run.dat run.dat.bsc -b25 -m8 -ca -e0 -H15 -M4,0.7574489297880935,10018364.808624055
bsc e run.dat run.dat.bsc -b25 -m8 -ca -e0 -H15 -M128,0.7533314570999979,11534319.653184062
bsc e run.dat run.dat.bsc -b25 -m8 -ca -e0 -H15 -M255,0.7534682429221109,12516825.832714573
bsc e run.dat run.dat.bsc -b25 -m8 -ca -e0 -H28 -M4,0.7574463696256476,1631248.23318794
bsc e run.dat run.dat.bsc -b25 -m8 -ca -e0 -H28 -M128,0.752914516358798,1562572.9735926422
bsc e run.dat run.dat.bsc -b25 -m8 -ca -e0 -H28 -M255,0.7530304551438509,1669471.0276624132
bsc e run.dat run.dat.bsc -b25 -m8 -ca -e1 -H10 -M4,0.7506699853686716,5373659.715778864
bsc e run.dat run.dat.bsc -b25 -m8 -ca -e1 -H10 -M128,0.746476805019674,8633607.23226124
bsc e run.dat run.dat.bsc -b25 -m8 -ca -e1 -H10 -M255,0.7465448321932381,9979000.799460156
bsc e run.dat run.dat.bsc -b25 -m8 -ca -e1 -H15 -M4,0.750536125446497,11369848.169916095
bsc e run.dat run.dat.bsc -b25 -m8 -ca -e1 -H15 -M128,0.7464237730832932,11516088.619756073
bsc e run.dat run.dat.bsc -b25 -m8 -ca -e1 -H15 -M255,0.7465236194186858,12162605.725611309
bsc e run.dat run.dat.bsc -b25 -m8 -ca -e1 -H28 -M4,0.7505588011710183,1674508.605457786
bsc e run.dat run.dat.bsc -b25 -m8 -ca -e1 -H28 -M128,0.7461469098016368,1546052.8935032012
bsc e run.dat run.dat.bsc -b25 -m8 -ca -e1 -H28 -M255,0.7462255433624772,1611848.825648193
bsc e run.dat run.dat.bsc -b25 -m8 -ca -e2 -H10 -M4,0.7452548760579643,6867654.043363321
bsc e run.dat run.dat.bsc -b25 -m8 -ca -e2 -H10 -M128,0.7409633123235431,5473018.32254382
bsc e run.dat run.dat.bsc -b25 -m8 -ca -e2 -H10 -M255,0.7410134183599856,6638254.342438107
bsc e run.dat run.dat.bsc -b25 -m8 -ca -e2 -H15 -M4,0.7451455205477724,7783438.977120851
bsc e run.dat run.dat.bsc -b25 -m8 -ca -e2 -H15 -M128,0.7409256413618381,9012708.5527503
bsc e run.dat run.dat.bsc -b25 -m8 -ca -e2 -H15 -M255,0.7409965944353406,9978275.798444971
bsc e run.dat run.dat.bsc -b25 -m8 -ca -e2 -H28 -M4,0.7451795341345545,1751556.3006954787
bsc e run.dat run.dat.bsc -b25 -m8 -ca -e2 -H28 -M128,0.740748258678082,1471409.2270500483
bsc e run.dat run.dat.bsc -b25 -m8 -ca -e2 -H28 -M255,0.7407928786521403,1512537.115090516
bsc e run.dat run.dat.bsc -b2047 -m3 -cf -e0 -H10 -M4,0.7626837305151065,33233660.861890495
bsc e run.dat run.dat.bsc -b2047 -m3 -cf -e0 -H10 -M128,0.7591459517522757,25928266.53460547
bsc e run.dat run.dat.bsc -b2047 -m3 -cf -e0 -H10 -M255,0.759324797386001,31280371.304111592
bsc e run.dat run.dat.bsc -b2047 -m3 -cf -e0 -H15 -M4,0.762372853646668,33278456.595816422
bsc e run.dat run.dat.bsc -b2047 -m3 -cf -e0 -H15 -M128,0.7590201380549312,26467734.374040183
bsc e run.dat run.dat.bsc -b2047 -m3 -cf -e0 -H15 -M255,0.7592498212000834,28789946.89974293
bsc e run.dat run.dat.bsc -b2047 -m3 -cf -e0 -H28 -M4,0.7622053458752034,1946077.1830347192
bsc e run.dat run.dat.bsc -b2047 -m3 -cf -e0 -H28 -M128,0.7588102047343621,1991656.0917635693
bsc e run.dat run.dat.bsc -b2047 -m3 -cf -e0 -H28 -M255,0.7591174242278779,1937922.0442914125
bsc e run.dat run.dat.bsc -b2047 -m3 -cf -e1 -H10 -M4,0.7558038425478152,16192661.935490977
bsc e run.dat run.dat.bsc -b2047 -m3 -cf -e1 -H10 -M128,0.7521168428881339,15965419.087181386
bsc e run.dat run.dat.bsc -b2047 -m3 -cf -e1 -H10 -M255,0.7522393649480479,37335947.46778053
bsc e run.dat run.dat.bsc -b2047 -m3 -cf -e1 -H15 -M4,0.755511618291483,23261338.082911097
bsc e run.dat run.dat.bsc -b2047 -m3 -cf -e1 -H15 -M128,0.7520169965527412,19865512.451388437
bsc e run.dat run.dat.bsc -b2047 -m3 -cf -e1 -H15 -M255,0.7521753608868987,28407939.925205447
bsc e run.dat run.dat.bsc -b2047 -m3 -cf -e1 -H28 -M4,0.7553638603446016,1949774.626865423
bsc e run.dat run.dat.bsc -b2047 -m3 -cf -e1 -H28 -M128,0.751849854518769,1964896.3387084366
bsc e run.dat run.dat.bsc -b2047 -m3 -cf -e1 -H28 -M255,0.7520714914390911,1728142.1516433673
bsc e run.dat run.dat.bsc -b2047 -m3 -cf -e2 -H10 -M4,0.7497183364137574,22537899.885534603
bsc e run.dat run.dat.bsc -b2047 -m3 -cf -e2 -H10 -M128,0.7457438670851435,23822459.169929218
bsc e run.dat run.dat.bsc -b2047 -m3 -cf -e2 -H10 -M255,0.74583310703326,24589018.392881494
bsc e run.dat run.dat.bsc -b2047 -m3 -cf -e2 -H15 -M4,0.7494890190060974,25335519.627295382
bsc e run.dat run.dat.bsc -b2047 -m3 -cf -e2 -H15 -M128,0.7456593817244267,25797296.988173313
bsc e run.dat run.dat.bsc -b2047 -m3 -cf -e2 -H15 -M255,0.7457826352593252,25441016.144019913
bsc e run.dat run.dat.bsc -b2047 -m3 -cf -e2 -H28 -M4,0.7493566220338918,1863128.5461655096
bsc e run.dat run.dat.bsc -b2047 -m3 -cf -e2 -H28 -M128,0.7455302763896516,1903615.2756454227
bsc e run.dat run.dat.bsc -b2047 -m3 -cf -e2 -H28 -M255,0.7457007100610544,1870485.5595699737
bsc e run.dat run.dat.bsc -b2047 -m3 -cp -e0 -H10 -M4,0.7603108256651896,31580697.25558641
bsc e run.dat run.dat.bsc -b2047 -m3 -cp -e0 -H10 -M128,0.7562204175515228,21328428.932043493
bsc e run.dat run.dat.bsc -b2047 -m3 -cp -e0 -H10 -M255,0.756413526947447,18367988.980967436
bsc e run.dat run.dat.bsc -b2047 -m3 -cp -e0 -H15 -M4,0.7597004097905732,18431607.22385872
bsc e run.dat run.dat.bsc -b2047 -m3 -cp -e0 -H15 -M128,0.7560715623921646,19583172.526109166
bsc e run.dat run.dat.bsc -b2047 -m3 -cp -e0 -H15 -M255,0.7563458655113751,22287532.797052186
bsc e run.dat run.dat.bsc -b2047 -m3 -cp -e0 -H28 -M4,0.7590168464175007,1982576.3767272448
bsc e run.dat run.dat.bsc -b2047 -m3 -cp -e0 -H28 -M128,0.7555240533662204,2047729.6357278358
bsc e run.dat run.dat.bsc -b2047 -m3 -cp -e0 -H28 -M255,0.7558137174601067,2019449.0112600126
bsc e run.dat run.dat.bsc -b2047 -m3 -cp -e1 -H10 -M4,0.7532802538510787,20110128.54278066
bsc e run.dat run.dat.bsc -b2047 -m3 -cp -e1 -H10 -M128,0.7489828383167809,11249969.136604646
bsc e run.dat run.dat.bsc -b2047 -m3 -cp -e1 -H10 -M255,0.7491324249511238,8702936.227000408
bsc e run.dat run.dat.bsc -b2047 -m3 -cp -e1 -H15 -M4,0.7526222921024658,12286875.83750527
bsc e run.dat run.dat.bsc -b2047 -m3 -cp -e1 -H15 -M128,0.7488840891938652,12558357.489610236
bsc e run.dat run.dat.bsc -b2047 -m3 -cp -e1 -H15 -M255,0.7491031659517413,17809501.48037209
bsc e run.dat run.dat.bsc -b2047 -m3 -cp -e1 -H28 -M4,0.7520714914390911,1941546.4601547844
bsc e run.dat run.dat.bsc -b2047 -m3 -cp -e1 -H28 -M128,0.7484638568152348,1848567.8627110121
bsc e run.dat run.dat.bsc -b2047 -m3 -cp -e1 -H28 -M255,0.7486928084854024,1853504.7574560952
bsc e run.dat run.dat.bsc -b2047 -m3 -cp -e2 -H10 -M4,0.7472580203031854,8071761.567983997
bsc e run.dat run.dat.bsc -b2047 -m3 -cp -e2 -H10 -M128,0.742528303053012,8563042.868896967
bsc e run.dat run.dat.bsc -b2047 -m3 -cp -e2 -H10 -M255,0.7426296123383738,10732468.871783929
bsc e run.dat run.dat.bsc -b2047 -m3 -cp -e2 -H15 -M4,0.7466018872420339,14861050.813064631
bsc e run.dat run.dat.bsc -b2047 -m3 -cp -e2 -H15 -M128,0.7424562527670328,19265571.55583629
bsc e run.dat run.dat.bsc -b2047 -m3 -cp -e2 -H15 -M255,0.7426058394013755,22085052.893167984
bsc e run.dat run.dat.bsc -b2047 -m3 -cp -e2 -H28 -M4,0.7461878724007722,1949282.1481021857
bsc e run.dat run.dat.bsc -b2047 -m3 -cp -e2 -H28 -M128,0.7421680516231156,1823479.2120635079
bsc e run.dat run.dat.bsc -b2047 -m3 -cp -e2 -H28 -M255,0.7423183697324429,1887312.3459625135
bsc e run.dat run.dat.bsc -b2047 -m3 -ca -e0 -H10 -M4,0.7603108256651896,28331512.898331568
bsc e run.dat run.dat.bsc -b2047 -m3 -ca -e0 -H10 -M128,0.7562204175515228,16404896.101438494
bsc e run.dat run.dat.bsc -b2047 -m3 -ca -e0 -H10 -M255,0.756413526947447,14718989.196674002
bsc e run.dat run.dat.bsc -b2047 -m3 -ca -e0 -H15 -M4,0.7597004097905732,16419000.117051214
bsc e run.dat run.dat.bsc -b2047 -m3 -ca -e0 -H15 -M128,0.7560715623921646,19224668.52115488
bsc e run.dat run.dat.bsc -b2047 -m3 -ca -e0 -H15 -M255,0.7563458655113751,16708233.922915036
bsc e run.dat run.dat.bsc -b2047 -m3 -ca -e0 -H28 -M4,0.7590168464175007,1885971.9857724144
bsc e run.dat run.dat.bsc -b2047 -m3 -ca -e0 -H28 -M128,0.7555240533662204,2050254.937306717
bsc e run.dat run.dat.bsc -b2047 -m3 -ca -e0 -H28 -M255,0.7558137174601067,1911394.121926109
bsc e run.dat run.dat.bsc -b2047 -m3 -ca -e1 -H10 -M4,0.7532802538510787,11703350.596982436
bsc e run.dat run.dat.bsc -b2047 -m3 -ca -e1 -H10 -M128,0.7489828383167809,7680337.300671791
bsc e run.dat run.dat.bsc -b2047 -m3 -ca -e1 -H10 -M255,0.7491324249511238,9282998.36063671
bsc e run.dat run.dat.bsc -b2047 -m3 -ca -e1 -H15 -M4,0.7526222921024658,13074205.783208735
bsc e run.dat run.dat.bsc -b2047 -m3 -ca -e1 -H15 -M128,0.7488840891938652,24372773.327529922
bsc e run.dat run.dat.bsc -b2047 -m3 -ca -e1 -H15 -M255,0.7491031659517413,15122599.741878314
bsc e run.dat run.dat.bsc -b2047 -m3 -ca -e1 -H28 -M4,0.7520714914390911,1959197.1388275814
bsc e run.dat run.dat.bsc -b2047 -m3 -ca -e1 -H28 -M128,0.7484638568152348,1847220.9532063932
bsc e run.dat run.dat.bsc -b2047 -m3 -ca -e1 -H28 -M255,0.7486928084854024,1895889.92868652
bsc e run.dat run.dat.bsc -b2047 -m3 -ca -e2 -H10 -M4,0.7472580203031854,11386883.806714129
bsc e run.dat run.dat.bsc -b2047 -m3 -ca -e2 -H10 -M128,0.742528303053012,12532652.159629662
bsc e run.dat run.dat.bsc -b2047 -m3 -ca -e2 -H10 -M255,0.7426296123383738,11712452.612005495
bsc e run.dat run.dat.bsc -b2047 -m3 -ca -e2 -H15 -M4,0.7466018872420339,14772399.55077143
bsc e run.dat run.dat.bsc -b2047 -m3 -ca -e2 -H15 -M128,0.7424562527670328,17909894.01128966
bsc e run.dat run.dat.bsc -b2047 -m3 -ca -e2 -H15 -M255,0.7426058394013755,20428741.29829996
bsc e run.dat run.dat.bsc -b2047 -m3 -ca -e2 -H28 -M4,0.7461878724007722,1936036.2976250448
bsc e run.dat run.dat.bsc -b2047 -m3 -ca -e2 -H28 -M128,0.7421680516231156,1929388.3783609723
bsc e run.dat run.dat.bsc -b2047 -m3 -ca -e2 -H28 -M255,0.7423183697324429,1703206.5822632231
bsc e run.dat run.dat.bsc -b2047 -m5 -cf -e0 -H10 -M4,0.760949769064204,28177220.252325565
bsc e run.dat run.dat.bsc -b2047 -m5 -cf -e0 -H10 -M128,0.757112085557703,27268348.984769244
bsc e run.dat run.dat.bsc -b2047 -m5 -cf -e0 -H10 -M255,0.757218880905449,16197624.87403912
bsc e run.dat run.dat.bsc -b2047 -m5 -cf -e0 -H15 -M4,0.7610635134243032,18924680.129468553
bsc e run.dat run.dat.bsc -b2047 -m5 -cf -e0 -H15 -M128,0.7569990726725884,19492650.848261513
bsc e run.dat run.dat.bsc -b2047 -m5 -cf -e0 -H15 -M255,0.75716292306913,23477752.85717415
bsc e run.dat run.dat.bsc -b2047 -m5 -cf -e0 -H28 -M4,0.7610971612735931,2019866.0514326375
bsc e run.dat run.dat.bsc -b2047 -m5 -cf -e0 -H28 -M128,0.7568849625749967,1963606.271387408
bsc e run.dat run.dat.bsc -b2047 -m5 -cf -e0 -H28 -M255,0.7570597850963069,2009805.4136217611
bsc e run.dat run.dat.bsc -b2047 -m5 -cf -e1 -H10 -M4,0.7539707662365045,21200247.140408233
bsc e run.dat run.dat.bsc -b2047 -m5 -cf -e1 -H10 -M128,0.7500255559072732,21972980.930408474
bsc e run.dat run.dat.bsc -b2047 -m5 -cf -e1 -H10 -M255,0.7501019950431598,24444387.744750872
bsc e run.dat run.dat.bsc -b2047 -m5 -cf -e1 -H15 -M4,0.7540622006095746,28986679.022213798
bsc e run.dat run.dat.bsc -b2047 -m5 -cf -e1 -H15 -M128,0.7499531398838015,31236067.48412331
bsc e run.dat run.dat.bsc -b2047 -m5 -cf -e1 -H15 -M255,0.7500555463816401,26996721.449772242
bsc e run.dat run.dat.bsc -b2047 -m5 -cf -e1 -H28 -M4,0.7540921910839417,1917938.4546420365
bsc e run.dat run.dat.bsc -b2047 -m5 -cf -e1 -H28 -M128,0.7498679230481001,1926455.3735605746
bsc e run.dat run.dat.bsc -b2047 -m5 -cf -e1 -H28 -M255,0.74998495904563,1883638.1627902833
bsc e run.dat run.dat.bsc -b2047 -m5 -cf -e2 -H10 -M4,0.748008147899853,15060745.308164835
bsc e run.dat run.dat.bsc -b2047 -m5 -cf -e2 -H10 -M128,0.7438566616249753,12763923.210211074
bsc e run.dat run.dat.bsc -b2047 -m5 -cf -e2 -H10 -M255,0.7439148138862479,13667191.781926958
bsc e run.dat run.dat.bsc -b2047 -m5 -cf -e2 -H15 -M4,0.7480820268732937,17605323.14845302
bsc e run.dat run.dat.bsc -b2047 -m5 -cf -e2 -H15 -M128,0.743792291826334,21914470.0674953
bsc e run.dat run.dat.bsc -b2047 -m5 -cf -e2 -H15 -M255,0.7438778743995276,19233760.988744598
bsc e run.dat run.dat.bsc -b2047 -m5 -cf -e2 -H28 -M4,0.7481164061975681,1855838.3392222277
bsc e run.dat run.dat.bsc -b2047 -m5 -cf -e2 -H28 -M128,0.7437162184279396,1946980.1477790722
bsc e run.dat run.dat.bsc -b2047 -m5 -cf -e2 -H28 -M255,0.7438113101759325,1910186.2167068284
bsc e run.dat run.dat.bsc -b2047 -m5 -cp -e0 -H10 -M4,0.7584887214786474,25453325.775782205
bsc e run.dat run.dat.bsc -b2047 -m5 -cp -e0 -H10 -M128,0.7543028558794953,16562222.813431375
bsc e run.dat run.dat.bsc -b2047 -m5 -cp -e0 -H10 -M255,0.7544224520394711,14623949.931338768
bsc e run.dat run.dat.bsc -b2047 -m5 -cp -e0 -H15 -M4,0.7583358432068741,15946249.586511126
bsc e run.dat run.dat.bsc -b2047 -m5 -cp -e0 -H15 -M128,0.7541843569319964,17455514.500262942
bsc e run.dat run.dat.bsc -b2047 -m5 -cp -e0 -H15 -M255,0.7543507674909841,22334650.114284214
bsc e run.dat run.dat.bsc -b2047 -m5 -cp -e0 -H28 -M4,0.7578015007306521,1968811.0379517353
bsc e run.dat run.dat.bsc -b2047 -m5 -cp -e0 -H28 -M128,0.7537121898294621,1920557.9779030045
bsc e run.dat run.dat.bsc -b2047 -m5 -cp -e0 -H28 -M255,0.7538731143260656,2004747.923636857
bsc e run.dat run.dat.bsc -b2047 -m5 -cp -e1 -H10 -M4,0.7515466581376683,14098127.274818935
bsc e run.dat run.dat.bsc -b2047 -m5 -cp -e1 -H10 -M128,0.7474167503748352,12132502.734245593
bsc e run.dat run.dat.bsc -b2047 -m5 -cp -e1 -H10 -M255,0.747497212623137,18404851.686455075
bsc e run.dat run.dat.bsc -b2047 -m5 -cp -e1 -H15 -M4,0.7513348961296379,20824687.82823191
bsc e run.dat run.dat.bsc -b2047 -m5 -cp -e1 -H15 -M128,0.7473468945138096,22933232.056040883
bsc e run.dat run.dat.bsc -b2047 -m5 -cp -e1 -H15 -M255,0.7474734396861387,22792845.953999206
bsc e run.dat run.dat.bsc -b2047 -m5 -cp -e1 -H28 -M4,0.7509556263501428,2065501.1322552678
bsc e run.dat run.dat.bsc -b2047 -m5 -cp -e1 -H28 -M128,0.7470118789708805,1969651.8357047983
bsc e run.dat run.dat.bsc -b2047 -m5 -cp -e1 -H28 -M255,0.7471201372685956,1981640.6142971152
bsc e run.dat run.dat.bsc -b2047 -m5 -cp -e2 -H10 -M4,0.7460445033037982,10578104.612862075
bsc e run.dat run.dat.bsc -b2047 -m5 -cp -e2 -H10 -M128,0.7418136519930956,9016510.21132686
bsc e run.dat run.dat.bsc -b2047 -m5 -cp -e2 -H10 -M255,0.7418630265545535,12144181.369744468
bsc e run.dat run.dat.bsc -b2047 -m5 -cp -e2 -H15 -M4,0.7458016536089238,14994668.333646266
bsc e run.dat run.dat.bsc -b2047 -m5 -cp -e2 -H15 -M128,0.7417587913692535,17556633.930501092
bsc e run.dat run.dat.bsc -b2047 -m5 -cp -e2 -H15 -M255,0.7418487627923546,20547516.348513637
bsc e run.dat run.dat.bsc -b2047 -m5 -cp -e2 -H28 -M4,0.7455481975267734,2032246.251165659
bsc e run.dat run.dat.bsc -b2047 -m5 -cp -e2 -H28 -M128,0.7415206962617789,1845426.2928392102
bsc e run.dat run.dat.bsc -b2047 -m5 -cp -e2 -H28 -M255,0.7415865290103894,1940480.8934575596
bsc e run.dat run.dat.bsc -b2047 -m5 -ca -e0 -H10 -M4,0.7584887214786474,17536203.803191453
bsc e run.dat run.dat.bsc -b2047 -m5 -ca -e0 -H10 -M128,0.7543028558794953,7482565.880325373
bsc e run.dat run.dat.bsc -b2047 -m5 -ca -e0 -H10 -M255,0.7544224520394711,10370931.450145146
bsc e run.dat run.dat.bsc -b2047 -m5 -ca -e0 -H15 -M4,0.7583358432068741,11369431.103997717
bsc e run.dat run.dat.bsc -b2047 -m5 -ca -e0 -H15 -M128,0.7541843569319964,11342050.762236787
bsc e run.dat run.dat.bsc -b2047 -m5 -ca -e0 -H15 -M255,0.7543507674909841,15878863.214945532
bsc e run.dat run.dat.bsc -b2047 -m5 -ca -e0 -H28 -M4,0.7578015007306521,1880213.4340724398
bsc e run.dat run.dat.bsc -b2047 -m5 -ca -e0 -H28 -M128,0.7537121898294621,1995021.9207924926
bsc e run.dat run.dat.bsc -b2047 -m5 -ca -e0 -H28 -M255,0.7538731143260656,1878853.5835008598
bsc e run.dat run.dat.bsc -b2047 -m5 -ca -e1 -H10 -M4,0.7515466581376683,15755497.715283135
bsc e run.dat run.dat.bsc -b2047 -m5 -ca -e1 -H10 -M128,0.7474167503748352,12037253.835885864
bsc e run.dat run.dat.bsc -b2047 -m5 -ca -e1 -H10 -M255,0.747497212623137,16438145.614930123
bsc e run.dat run.dat.bsc -b2047 -m5 -ca -e1 -H15 -M4,0.7513348961296379,19288805.126362912
bsc e run.dat run.dat.bsc -b2047 -m5 -ca -e1 -H15 -M128,0.7473468945138096,21441560.59522205
bsc e run.dat run.dat.bsc -b2047 -m5 -ca -e1 -H15 -M255,0.7474734396861387,23720608.83116754
bsc e run.dat run.dat.bsc -b2047 -m5 -ca -e1 -H28 -M4,0.7509556263501428,1951235.1315826548
bsc e run.dat run.dat.bsc -b2047 -m5 -ca -e1 -H28 -M128,0.7470118789708805,1937131.343831805
bsc e run.dat run.dat.bsc -b2047 -m5 -ca -e1 -H28 -M255,0.7471201372685956,1881670.8055488921
bsc e run.dat run.dat.bsc -b2047 -m5 -ca -e2 -H10 -M4,0.7460445033037982,15347620.870459428
bsc e run.dat run.dat.bsc -b2047 -m5 -ca -e2 -H10 -M128,0.7418136519930956,13688668.649596522
bsc e run.dat run.dat.bsc -b2047 -m5 -ca -e2 -H10 -M255,0.7418630265545535,12882840.012779409
bsc e run.dat run.dat.bsc -b2047 -m5 -ca -e2 -H15 -M4,0.7458016536089238,15227588.86068796
bsc e run.dat run.dat.bsc -b2047 -m5 -ca -e2 -H15 -M128,0.7417587913692535,16775973.540495113
bsc e run.dat run.dat.bsc -b2047 -m5 -ca -e2 -H15 -M255,0.7418487627923546,17400108.618379697
bsc e run.dat run.dat.bsc -b2047 -m5 -ca -e2 -H28 -M4,0.7455481975267734,1959172.203412659
bsc e run.dat run.dat.bsc -b2047 -m5 -ca -e2 -H28 -M128,0.7415206962617789,1850902.166001217
bsc e run.dat run.dat.bsc -b2047 -m5 -ca -e2 -H28 -M255,0.7415865290103894,1727461.0404115333
bsc e run.dat run.dat.bsc -b2047 -m8 -cf -e0 -H10 -M4,0.7603232607399272,8582004.312120171
bsc e run.dat run.dat.bsc -b2047 -m8 -cf -e0 -H10 -M128,0.7562485793384284,9059389.09408734
bsc e run.dat run.dat.bsc -b2047 -m8 -cf -e0 -H10 -M255,0.7563385507615294,9074719.40457302
bsc e run.dat run.dat.bsc -b2047 -m8 -cf -e0 -H15 -M4,0.7606348690833503,10190644.436240006
bsc e run.dat run.dat.bsc -b2047 -m8 -cf -e0 -H15 -M128,0.7561564134903737,12108439.203998674
bsc e run.dat run.dat.bsc -b2047 -m8 -cf -e0 -H15 -M255,0.7562866160376256,14651517.349068156
bsc e run.dat run.dat.bsc -b2047 -m8 -cf -e0 -H28 -M4,0.7608210294669211,1703041.9241127935
bsc e run.dat run.dat.bsc -b2047 -m8 -cf -e0 -H28 -M128,0.7560774141920411,1718557.8483719435
bsc e run.dat run.dat.bsc -b2047 -m8 -cf -e0 -H28 -M255,0.7561981075644937,1695871.6091108604
bsc e run.dat run.dat.bsc -b2047 -m8 -cf -e1 -H10 -M4,0.7532842769634938,8672903.803640282
bsc e run.dat run.dat.bsc -b2047 -m8 -cf -e1 -H10 -M128,0.7492011835996725,10297887.31055235
bsc e run.dat run.dat.bsc -b2047 -m8 -cf -e1 -H10 -M255,0.7492582386484683,10693025.742873887
bsc e run.dat run.dat.bsc -b2047 -m8 -cf -e1 -H15 -M4,0.7535508995953664,12695554.688907733
bsc e run.dat run.dat.bsc -b2047 -m8 -cf -e1 -H15 -M128,0.7491302305261701,13890372.714886999
bsc e run.dat run.dat.bsc -b2047 -m8 -cf -e1 -H15 -M255,0.749221299161748,13906197.165612815
bsc e run.dat run.dat.bsc -b2047 -m8 -cf -e1 -H28 -M4,0.7537553468535512,1662166.2925810209
bsc e run.dat run.dat.bsc -b2047 -m8 -cf -e1 -H28 -M128,0.7490669579400056,1648590.191605138
bsc e run.dat run.dat.bsc -b2047 -m8 -cf -e1 -H28 -M255,0.7491496146132609,1776229.525611394
bsc e run.dat run.dat.bsc -b2047 -m8 -cf -e2 -H10 -M4,0.747385296950499,8890836.587140387
bsc e run.dat run.dat.bsc -b2047 -m8 -cf -e2 -H10 -M128,0.7432491716502971,9829979.868088124
bsc e run.dat run.dat.bsc -b2047 -m8 -cf -e2 -H10 -M255,0.7432886712994635,10981351.343340779
bsc e run.dat run.dat.bsc -b2047 -m8 -cf -e2 -H15 -M4,0.7476018135459293,11855663.569501942
bsc e run.dat run.dat.bsc -b2047 -m8 -cf -e2 -H15 -M128,0.7431833389016866,11963255.353863101
bsc e run.dat run.dat.bsc -b2047 -m8 -cf -e2 -H15 -M255,0.7432616067250347,11956295.665459368
bsc e run.dat run.dat.bsc -b2047 -m8 -cf -e2 -H28 -M4,0.7477978488417917,1667047.126673996
bsc e run.dat run.dat.bsc -b2047 -m8 -cf -e2 -H28 -M128,0.7431193348405375,1700494.0399684755
bsc e run.dat run.dat.bsc -b2047 -m8 -cf -e2 -H28 -M255,0.7431891907015632,1642067.4008370368
bsc e run.dat run.dat.bsc -b2047 -m8 -cp -e0 -H10 -M4,0.7575842526602373,9713280.708702512
bsc e run.dat run.dat.bsc -b2047 -m8 -cp -e0 -H10 -M128,0.7534243544230372,9856826.194390032
bsc e run.dat run.dat.bsc -b2047 -m8 -cp -e0 -H10 -M255,0.7535245664959221,10941694.70999492
bsc e run.dat run.dat.bsc -b2047 -m8 -cp -e0 -H15 -M4,0.7574489297880935,10493883.140766118
bsc e run.dat run.dat.bsc -b2047 -m8 -cp -e0 -H15 -M128,0.7533314570999979,12161799.57893799
bsc e run.dat run.dat.bsc -b2047 -m8 -cp -e0 -H15 -M255,0.7534682429221109,12489460.356184792
bsc e run.dat run.dat.bsc -b2047 -m8 -cp -e0 -H28 -M4,0.7574463696256476,1683003.3419551244
bsc e run.dat run.dat.bsc -b2047 -m8 -cp -e0 -H28 -M128,0.752914516358798,1655631.4485205521
bsc e run.dat run.dat.bsc -b2047 -m8 -cp -e0 -H28 -M255,0.7530304551438509,1722469.6899898527
bsc e run.dat run.dat.bsc -b2047 -m8 -cp -e1 -H10 -M4,0.7506699853686716,9097709.552817233
bsc e run.dat run.dat.bsc -b2047 -m8 -cp -e1 -H10 -M128,0.746476805019674,10143597.414810639
bsc e run.dat run.dat.bsc -b2047 -m8 -cp -e1 -H10 -M255,0.7465448321932381,12158988.575580498
bsc e run.dat run.dat.bsc -b2047 -m8 -cp -e1 -H15 -M4,0.750536125446497,13057600.05858804
bsc e run.dat run.dat.bsc -b2047 -m8 -cp -e1 -H15 -M128,0.7464237730832932,13746104.162228897
bsc e run.dat run.dat.bsc -b2047 -m8 -cp -e1 -H15 -M255,0.7465236194186858,13467813.66461973
bsc e run.dat run.dat.bsc -b2047 -m8 -cp -e1 -H28 -M4,0.7505588011710183,1598029.0200764716
bsc e run.dat run.dat.bsc -b2047 -m8 -cp -e1 -H28 -M128,0.7461469098016368,1662628.490376917
bsc e run.dat run.dat.bsc -b2047 -m8 -cp -e1 -H28 -M255,0.7462255433624772,1642762.5953359618
bsc e run.dat run.dat.bsc -b2047 -m8 -cp -e2 -H10 -M4,0.7452548760579643,7153350.250756156
bsc e run.dat run.dat.bsc -b2047 -m8 -cp -e2 -H10 -M128,0.7409633123235431,9111573.39565733
bsc e run.dat run.dat.bsc -b2047 -m8 -cp -e2 -H10 -M255,0.7410134183599856,10099863.92241437
bsc e run.dat run.dat.bsc -b2047 -m8 -cp -e2 -H15 -M4,0.7451455205477724,10540013.554746974
bsc e run.dat run.dat.bsc -b2047 -m8 -cp -e2 -H15 -M128,0.7409256413618381,11066454.070361476
bsc e run.dat run.dat.bsc -b2047 -m8 -cp -e2 -H15 -M255,0.7409965944353406,11080065.030969013
bsc e run.dat run.dat.bsc -b2047 -m8 -cp -e2 -H28 -M4,0.7451795341345545,1656465.6950696695
bsc e run.dat run.dat.bsc -b2047 -m8 -cp -e2 -H28 -M128,0.740748258678082,1512924.025618492
bsc e run.dat run.dat.bsc -b2047 -m8 -cp -e2 -H28 -M255,0.7407928786521403,1682600.1037688802
bsc e run.dat run.dat.bsc -b2047 -m8 -ca -e0 -H10 -M4,0.7575842526602373,9982110.3815783
bsc e run.dat run.dat.bsc -b2047 -m8 -ca -e0 -H10 -M128,0.7534243544230372,9799120.398845954
bsc e run.dat run.dat.bsc -b2047 -m8 -ca -e0 -H10 -M255,0.7535245664959221,11076233.89970315
bsc e run.dat run.dat.bsc -b2047 -m8 -ca -e0 -H15 -M4,0.7574489297880935,11204256.856317157
bsc e run.dat run.dat.bsc -b2047 -m8 -ca -e0 -H15 -M128,0.7533314570999979,12506028.917289848
bsc e run.dat run.dat.bsc -b2047 -m8 -ca -e0 -H15 -M255,0.7534682429221109,13443626.671218183
bsc e run.dat run.dat.bsc -b2047 -m8 -ca -e0 -H28 -M4,0.7574463696256476,1648710.474184718
bsc e run.dat run.dat.bsc -b2047 -m8 -ca -e0 -H28 -M128,0.752914516358798,1605650.9777049317
bsc e run.dat run.dat.bsc -b2047 -m8 -ca -e0 -H28 -M255,0.7530304551438509,1642475.0843923672
bsc e run.dat run.dat.bsc -b2047 -m8 -ca -e1 -H10 -M4,0.7506699853686716,8692675.010805894
bsc e run.dat run.dat.bsc -b2047 -m8 -ca -e1 -H10 -M128,0.746476805019674,10902437.478229249
bsc e run.dat run.dat.bsc -b2047 -m8 -ca -e1 -H10 -M255,0.7465448321932381,12916634.046690162
bsc e run.dat run.dat.bsc -b2047 -m8 -ca -e1 -H15 -M4,0.750536125446497,12739294.653491259
bsc e run.dat run.dat.bsc -b2047 -m8 -ca -e1 -H15 -M128,0.7464237730832932,13691087.285212275
bsc e run.dat run.dat.bsc -b2047 -m8 -ca -e1 -H15 -M255,0.7465236194186858,13595003.841804374
bsc e run.dat run.dat.bsc -b2047 -m8 -ca -e1 -H28 -M4,0.7505588011710183,1698568.2807045607
bsc e run.dat run.dat.bsc -b2047 -m8 -ca -e1 -H28 -M128,0.7461469098016368,1566590.1870376407
bsc e run.dat run.dat.bsc -b2047 -m8 -ca -e1 -H28 -M255,0.7462255433624772,1647401.1094397944
bsc e run.dat run.dat.bsc -b2047 -m8 -ca -e2 -H10 -M4,0.7452548760579643,8377539.371378772
bsc e run.dat run.dat.bsc -b2047 -m8 -ca -e2 -H10 -M128,0.7409633123235431,10022974.814031202
bsc e run.dat run.dat.bsc -b2047 -m8 -ca -e2 -H10 -M255,0.7410134183599856,10795212.114749707
bsc e run.dat run.dat.bsc -b2047 -m8 -ca -e2 -H15 -M4,0.7451455205477724,11350324.026801957
bsc e run.dat run.dat.bsc -b2047 -m8 -ca -e2 -H15 -M128,0.7409256413618381,11849918.124955503
bsc e run.dat run.dat.bsc -b2047 -m8 -ca -e2 -H15 -M255,0.7409965944353406,11381289.952369185
bsc e run.dat run.dat.bsc -b2047 -m8 -ca -e2 -H28 -M4,0.7451795341345545,1680190.0191299885
bsc e run.dat run.dat.bsc -b2047 -m8 -ca -e2 -H28 -M128,0.740748258678082,1559094.6986704138
bsc e run.dat run.dat.bsc -b2047 -m8 -ca -e2 -H28 -M255,0.7407928786521403,1457378.528081873
